,Date,Year,Type,Country,Area,Location,Activity,Sex,Age,Injury,Fatal(Y/N),Time,Species,InvestigatororSource
10,24-May-2018,2018,Provoked,AUSTRALIA,Queensland,Cairns Aquarium,unknown,M,32,Minor bite to hand by captive shark. PROVOKED INCIDENT,N,Morning,Grey reef shark,"ABC.net.au ,05/24/2018"
21,25-Apr-2018,2018,Unprovoked,AUSTRALIA,Western Australia,"Surfers Point, Prevelly",surfing,M,60,"No injury, knocked off board by shark",N,09h30,3 m shark,"B.Myatt, GSAF"
36,14-Mar-2018,2018,Unprovoked,AUSTRALIA,Western Australia,Waterman's Bay,unknown,M,10,Minor injuries to legs,N,17h35,Wobbegong shark,"B. Myatt, GSAF"
37,9-Mar-2018,2018,Unprovoked,AUSTRALIA,Victoria,Lorne,swimming,M,69,"No injury, said to have been charged by sharks several times",N,15h30,3.5 m shark,"B. Myatt, GSAF"
38,9-Mar-2018,2018,Unprovoked,AUSTRALIA,Victoria,Winkipop,surfing,M,18,"Minor injury, ankle grazed",N,07h30,1.8 m shark,"B. Myatt, GSAF"
40,23-Feb-2018,2018,Unprovoked,AUSTRALIA,New South Wales,"Little Congwong Beach, La Perouse ",swimming,F,55,Laceratons to right leg & foot,N,"19h00, Dusk","Juvenile white shark,  2.7 to 3.2 m","B. Myatt, GSAF"
42,15-Feb-2018,2018,Unprovoked,AUSTRALIA,New South Wales,"Surf Beach, Kiama",standing,M,35,Puncture wounds to leff foot & lower leg,N,16h00,"Bull shark, 2 m","B. Myatt, GSAF"
63,13-Nov-2017,2017,Unprovoked,AUSTRALIA,New South Wales,Avoca Beach,surfing,M,25,Puncture wounds to left shoulder,N,16h00,2 m shark,"B. Myatt, GSAF"
66,28-Oct-2017,2017,Unprovoked,AUSTRALIA,New South Wales,Birubi Point,surfing,M,31,Minor injury to foot,N,09h00,"Wobbegong shark, 1 m","B. Myatt, GSAF"
71,22-Oct-2017,2017,Unprovoked,AUSTRALIA,South Australia,Normanville,fishing,F,15,Minor injuries,N,Afternoon,"White shark, 4.5 m","Nine News, 10/22/2017"
89,10-Sep-2017,2017,Unprovoked,AUSTRALIA,New South Wales,Iluka Beach,surfing,M,35,Minor lacerations to right hip,N,06h00,"White shark, 3 to 3.5m ","B. Myatt, GSAF"
96,29-Aug-2017,2017,Unprovoked,AUSTRALIA,Victoria,Cathedral Rock,surfing,M,37,"No injury, board bitten",N,10h30,"White shark, 3 m","B. Myatt, GSAF"
133,11-Jun-2017,2017,Unprovoked,AUSTRALIA,Western Australia,"Point Casuarina, Bunbury",unknown,M,48,"No injury, board bitten",N,08h30,"White shark, 4 m","WA Today, 6/11/2017"
155,17-Apr-2017,2017,Unprovoked,AUSTRALIA,Western Australia,Kelpies near Wylie Bay,surfing,F,17,FATAL,Y,16h00,White shark,"B. Myatt, GSAF"
183,21-Jan-2017,2017,Unprovoked,AUSTRALIA,Queensland,"Boot Reef, Torres Strait",diving,M,55,"Multiple injuries to arm, wrist and torso",N,12h00,"Bull shark, 4 m","ABC, 1/21/2017"
196,06-Dec-2016,2016,Provoked,AUSTRALIA,New South Wales,Merimbula,fishing,M,20,Lacerations to both hands while attempting to land a hooked shark PROVOKED INCIDENT,N,02h00,"Wobbegong shark, 2m",Bay 93.9 Geelong
197,01-Dec-2016,2016,Unprovoked,AUSTRALIA,New South Wales,Booti Booti National Park,surfing,M,65,Injuries to foot & arm,N,09h00,White shark,"B. Myatt, GSAF"
198,28-Nov-2016,2016,Provoked,AUSTRALIA,Victoria,Queenscliff,fishing,M,73,Laceration to right hand by hooked & gaffed shark. PROVOKED INCIDENT,N,11h00,"Broadnose sevengill shark, 1.5 m","ABC News, 11/28/2016"
211,26-Sep-2016,2016,Unprovoked,AUSTRALIA,New South Wales,"Lighthouse Beach, Ballina",surfing,M,17,4 deep lacerations to thigh,N,9h00,"White shark, 3.5 m","ABC.net.au, 09/26/2016"
242,20-Jul-2016,2016,Provoked,AUSTRALIA,Queensland,"20 k off The Spit, off the Gold Coast",fishing,M,31,Laceration to left calf from hooked shark PROVOKED INCIDENT,N,After noon,"reef shark, 1m","Nine News, 7/20/2016"
254,04-Jul-2016,2016,Provoked,AUSTRALIA,Queensland,Palm Cove ,fishing,M,34,Right thigh injured by hooked pregnant female shark PROVOKED INCIDENT,N,22h00,Tawny nurse shark,"Cairns Post, 7/9/2016"
267,05-Jun-2016,2016,Unprovoked,AUSTRALIA,Western Australia,Mindarie,diving,F,60,FATAL,Y,11h30,3+ m shark,"B. Myatt, GSAF"
271,31-May-2016,2016,Unprovoked,AUSTRALIA,Western Australia,"Falcon Beach, Mandurah",surfing,M,29,FATAL,Y,16h00,White shark,"Perth Now, 5/31/2016"
284,19-Apr-2016,2016,Unprovoked,AUSTRALIA,New South Wales,"First Sun Beach, Byron Bay",swimming,M,12,Minor puncture wound to foot,N,12h00,Wobbegong shark,"Gold Coast Bulletin, 4/19/2016"
318,05-Jan-2016,2016,Unprovoked,AUSTRALIA,Queensland,Heron Island,unknown,M,11,Laceration to right calf,N,Afternoon,Blacktip shark,"Nine News, 1/5/2016"
319,02-Jan-2016,2016,Unprovoked,AUSTRALIA,Queensland,Miall Island,fishing,M,31,Lacerations to arms & leg,N,11h30,3 m shark,"Courier Mail, 1/2/2016"
323,21-Dec-2015,2015,Unprovoked,AUSTRALIA,New South Wales,Bondi Beach,surfing,M,43,"No injury, shark leapt on surfboard",N,07h00,"Bronze whaler shark, 6'","The Telegraph, 12/22/;2015"
333,10-Nov-2015,2015,Unprovoked,AUSTRALIA,New South Wales,East Ballina,surfing,M,20,Injury to left thigh,N,18h15,"Bull shark, 2.8 to 3.1 m","The Sydney Morning Herald, 11/11/2015"
364,08-Sep-2015,2015,Unprovoked,AUSTRALIA,New South Wales,North Shelly Beach,surfing,M,42,Minor laceration to hand,N,06h15,6' shark,"ABC News, 9/8/2015"
367,04-Sep-2015,2015,Unprovoked,AUSTRALIA,New South Wales,Hallidays Point,unknown,M,62,Inuries to lower left leg & ankle,N,11h30,"White shark, 2.5 m","The Sydney Morning Herald, 9/4/2015"
380,31-Jul-2015,2015,Unprovoked,AUSTRALIA,New South Wales,Evans Head,surfing,M,52,"Lacerations and puncture wounds to hip, thigh, arm and hand",N,06h00,White shark,"Daily Telegraph, 7/31/2015"
385,25-Jul-2015,2015,Unprovoked,AUSTRALIA,Tasmania,"Lachan Island, Mercury Passage",diving,M,46,FATAL,Y,10h00,"White shark, 3.9 to 4.2 m","C. Black, GSAF"
395,03-Jul-2015,2015,Unprovoked,AUSTRALIA,New South Wales,Lennox Head,surfing,M,52,"No injury, shark bit surfboard",N,09h00,White shark,"Northern Star, 7/3/2015"
396,02-Jul-2015,2015,Unprovoked,AUSTRALIA,New South Wales,East Ballina,unknown,M,32,Significant injuries to lower legs,N,09h00,White shark,"Northern Star, 7/2/2015"
408,24-Jun-2015,2015,Invalid,AUSTRALIA,Western Australia,Denmark,surfing,F,37,"Bruises and abrasions to face, chin, chest, both shins & feet and cut to right hand when her surfboard was struck with force",N,09h30,White shark,"L. Kumpe, R. Mcauley"
431,25-Apr-2015,2015,Unprovoked,AUSTRALIA,South Australia,Fishery Bay,surfing,M,26,Leg severed at mid-thigh,N,09h45,"White shark, 6 m","The Advertiser, 4/25/2015"
432,24-Jun-2015,2015,Unprovoked,AUSTRALIA,New South Wales,"Belongil Beach, Byron Bay",unknown,M,71,"No injury, knocked off ski",N,11h00,"White shark, 3 m","Echo Daily, 6/25/2015"
448,09-Feb-2015,2015,Unprovoked,AUSTRALIA,New South Wales,Shelly Beach,surfing,M,41,FATAL,Y,10h00,3.5 to 4 m shark,"The Telegraph, 2/9/2015"
449,08-Feb-2015,2015,Unprovoked,AUSTRALIA,New South Wales,"Seven Mile Beach, Byron Bay",surfing,M,35,Laceration & puncture wounds to right flank & hip,N,06h45,2 m to  3 m shark,"The Telegraph, 2/8/2015"
451,30-Jan-2015,2015,Boating,AUSTRALIA,Queensland,"Nerang River, Surfer's  Paradise",unknown,M,57,"No injury, shark's teeth scratched hull",N,05h00,"Bull shark, 1.3 m","Gold Coast Bulletin, 1/31/2015"
464,29-Dec-2014,2014,Unprovoked,AUSTRALIA,Western Australia,Three Stripes near Cheynes Beach,fishing,M,17,FATAL,Y,Morning,"White shark, 4 to 5 m","The West Australian, 12/29/2014"
468,28-Dec-2014,2014,Provoked,AUSTRALIA,Victoria,Paradise Beach,fishing,M,40s,Laceration to calf when he fell on shark he had caught PROVOKED INCIDENT,N,Morning,1.5 m shark,"ABC.net.au, 12/28/2014"
470,15-Dec-2014,2014,Unprovoked,AUSTRALIA,Queensland,Rudder Reef,fishing,M,17,FATAL,Y,11h30,Tiger shark,"Herald Sun, 12/15/2014"
486,17-Oct-2014,2014,Unprovoked,AUSTRALIA,New South Wales,Avoca Beach,surfing,F,13,"Lacerations to left calf & ankle, puncture wounds to left foot",N,06h30,1 m shark,"Sydney Morning Herald, 10/17/2014"
496,02-Oct-2014,2014,Unprovoked,AUSTRALIA,Western Australia,"Kelpids Beach, Wylie Bay, Esperance",surfing,M,23,"Left arm & right hand severed, lacerations to both legs",N,11h00,"2 white shark: 13' & 9""8""","9News, 2/15/2015"
500,09-Sep-2014,2014,Unprovoked,AUSTRALIA,New South Wales,"Clarkes Beach, Byron Bay",swimming,M,50,FATAL,Y,10h45,7' shark,"BBC, 9/9/2014"
545,09-Jun-2014,2014,Unprovoked,AUSTRALIA,South Australia,"Parsons Beach,  Fleurieu Peninsula",unknown,M,39,Minor injury to torso,N,09h45,"Bronze whaler shark, 1.5m","The Australian, 6/9/2014"
555,14-May-2014,2014,Unprovoked,AUSTRALIA,South Australia,"Elliston, Eyre Peninsula",surfing,M,35,"No injury, but surfboard severely damaged",N,09h30," white shark, 15' ","N. Davies, The Advertiser, 5/114/2014"
569,03-Apr-2014,2014,Unprovoked,AUSTRALIA,New South Wales,Tathra,swimming,F,63,FATAL,Y,08h20,3 m to 4 m white shark,"B. Myatt, GSAF"
595,05-Dec-2013,2013,Unprovoked,AUSTRALIA,New South Wales,"Shelly Beach, near Port Macquarie",surfing,M,26,"Puncture wounds to hand, laceration to leg",N,18h15," Wobbegong shark, 1.6 to 1.8m ","The Sydney Morning Herald, 12/5/2013"
597,30-Nov-2013,2013,Unprovoked,AUSTRALIA,New South Wales,"Riecks Point,  Campbells Beach, ",unknown,M,19,FATAL,Y,14h00,"Tiger shark, 3m ","The Sydney Morning Herald, 11/30/2013"
599,23-Nov-2013,2013,Unprovoked,AUSTRALIA,Western Australia,Gracetown,surfing,M,35,FATAL,Y,09h00,Thought to involve a white shark,"J. Baily; Perth Now, 11/23/2013"
606,28-Oct-2013,2013,Unprovoked,AUSTRALIA,Western Australia,Turquoise Bay,unknown,F,60,Lacerations to right arm,N,Afternoon,"Blacktip reef shark, 1m","AAP, 10/28/2013"
609,24-Oct-2013,2013,Unprovoked,AUSTRALIA,New South Wales,South Narrabeen Beach,surfing,M,41,Injuries to right foot,N,18h15,Wobbegong shark,"A. Brenneka, Shark Attack Survivors"
614,08-Oct-2013,2013,Unprovoked,AUSTRALIA,Western Australia,"Off Poison Creek, Cape Arid",diving,M,55,"Injuries to torso, head and face",N,10h30,White shark,"Fox News, 10/9/2013"
681,21-Apr-2013,2013,Unprovoked,AUSTRALIA,New South Wales,Crowdy Head,fishing,M,51,Puncture wounds and lacerations to both legs,N,14h00,"Grey nurse shark, 3m","7NewsSydney, 4/22/2013"
697,10-Mar-2013,2013,Unprovoked,AUSTRALIA,Western Australia,African Reef off Geraldton,fishing,M,28,Laceration to left hand,N,09h00,"Bronze whaler shark, 2.5m","The West Australian, 3/13/2013"
713,30-Dec-2012,2012,Unprovoked,AUSTRALIA,New South Wales,Between Dee Why and Long Reef,surfing,M,23,"No injury, chunk missing from surfboard",N,12h45,2.5 m shark,"The Daily Telegraph, 12/31/2012"
714,28-Dec-2012,2012,Unprovoked,AUSTRALIA,New South Wales,"Kylie's Beach, Diamond Head",unknown,M,29,Lacerations to thigh and hand,N,10h45,"Bull shark, 2m ","Port Macqquarie News, 12/28/2012"
716,19-Dec-2012,2012,Unprovoked,AUSTRALIA,Western Australia,Trigg Beach,surfing,M,32,No injury,N,0830,"Tiger shark, 6'","The West Ausralian, 12/20/2012"
718,02-Dec-2012,2012,Unprovoked,AUSTRALIA,New South Wales,Green Island,fishing,M,31,Minor puncture wounds to knee,N,16h45,Sandtiger shark,"ABC News, 12/2/2012"
735,02-Oct-2012,2012,Unprovoked,AUSTRALIA,Western Australia,"Mullaloo Beach, Perth",surfing,M,11,"No injury, but swim fin bitten & torn",N,12h00,2m shark,"The West Australian, 10/4/2012"
758,31-Jul-2012,2012,Unprovoked,AUSTRALIA,South Australia,Streaky Bay,surfing,M,48,Lacerations to torso & arm,N,14h40,White shark or bronze whaler,"T. Conlin, Adelaide Now, 7/31/2012"
765,14-Jul-2012,2012,Unprovoked,AUSTRALIA,Western Australia,Off Wedge Island,surfing,M,24,FATAL,Y,09h05,"White shark, 5m","WA News, 7/15/2012"
777,20-Jun-2012,2012,Unprovoked,AUSTRALIA,Western Australia,"Mullaloo Beach, Perth",unknown,M,62,"No injury, ski severely damaged",N,07h15,3 m shark,"Perth Now, 6/20/2012"
785,12-Jun-2012,2012,Unprovoked,AUSTRALIA,Victoria,Port Campbell,surfing,M,42,Laceration to right foot,N,Morning,1.5 m shark,"Herald Sun, 6/13/2012"
787,03-Jun-2012,2012,Unprovoked,AUSTRALIA,New South Wales,"Redhead Beach, Newcastle",unknown,M,30,"No injury, ski bitten",N,14h30,"White shark, 2 m","Newcastle Herald, 6/6/2012"
803,31-Mar-2012,2012,Unprovoked,AUSTRALIA,Western Australia,Stratham Beach,diving,M,33,FATAL,Y,09h30,"White shark, 4m ","Associated Press, 3/31/2012"
806,20-Mar-2012,2012,Unprovoked,AUSTRALIA,Queensland,Nobby's Beach,surfing,M,20,Lacerations to left calf,N,17h00,Possibly a bull shark,"Courier Mail, 3/20/2012"
811,06-Mar-2012,2012,Provoked,AUSTRALIA,Victoria,"Shipwreck Cove, Melbourne Aquarium",diving,F,34,Superficial lacerations to right side of face PROVOKED ACCIDENT,N,11h30,"Tawny nurse shark, 40cm","The Age, 3/6/2012"
821,19-Jan-2012,2012,Unprovoked,AUSTRALIA,Western Australia,Coral Bay,unknown,M,26,Lacerations to right forearm,N,Afternoon,"Tiger shark, 3m","Sydney Morning Herald, 1/20/2012"
824,18-Jan-2012,2012,Unprovoked,AUSTRALIA,New South Wales,Redhead Beach,surfing,M,44,Lacerations to thigh,N,16h45,"White shark, 2.7 m",V. Peddemors
827,03-Jan-2012,2012,Unprovoked,AUSTRALIA,New South Wales,North Avoca Beach,surfing,M,28,Right forearm and wrist injured,N,20h00,2 m shark,"Daily Telegraph, 1/3/2012"
828,02-Jan-2012,2012,Unprovoked,AUSTRALIA,Queensland,Duranbah,fishing,M,34,"No injury, punctures to swim fin",N,09h00,Allegedly a 4 m tiger shark,"A. Brenneka, goldcoast.com.au, 1/3/2012"
835,11-Dec-2011,2011,Unprovoked,AUSTRALIA,New South Wales,Angourie,surfing,M,51,5 puncture wounds to thigh,N,05h45,"White shark, 2.5m","Daily Examiner, 12/11/2011"
842,28-Nov-2011,2011,Unprovoked,AUSTRALIA,Queensland,Peregian,swimming,M,10,Puncture marks to foot,N,Afternoon,Wobbegong shark?,"Sunshire Coast Daily, 12/1/2011 "
850,22-Oct-2011,2011,Unprovoked,AUSTRALIA,Western Australia,Rottnest Island,diving,M,32,FATAL,Y,13h25,"White shark, 10'","Sky News, 10/22/2011"
852,19-Oct-2011,2011,Unprovoked,AUSTRALIA,Victoria,Elwood Beach,diving,M,50,Small bruise to calf,N,16h00,"Port Jackson shark, 1m","The Age, 10/20/2011"
871,04-Sep-2011,2011,Unprovoked,AUSTRALIA,Western Australia, Bunker Bay,unknown,M,21,FATAL,Y,13h26,White shark,"Sunshine Coast Daily, 9/5/2011"
929,23-Apr-2011,2011,Unprovoked,AUSTRALIA,Western Australia,Red Bluffs,unknown,M,17,Heel bitten,N,15h00,"reef shark, 1.5m","T. Peake, GSAF"
936,23-Mar-2011,2011,Unprovoked,AUSTRALIA,New South Wales,Crowdy Head,surfing,M,48,Severe injury to left forearm,N,17h45,"Bull shark, 2.5m","Nine News, 3/24/2011"
939,16-Mar-2011,2011,Unprovoked,AUSTRALIA,New South Wales,"Jimmys Beach, Port Stephens",boating,F,24,"Severe injuries to head, neck, shoulder & upper left arm",N,13h00,3 m to 4 m shark,"The Sydney Morning Herald, 3/17/2011"
942,Reported 28-Feb-2011,2011,Provoked,AUSTRALIA,Queensland,Between ,fishing,M,36,Lacerations to right hand by hooked shark PROVOKED INCIDENT,N,10h45,"Bull shark, 2m","C. Eksander, GSAF"
945,17-Feb-2011,2011,Unprovoked,AUSTRALIA,South Australia,Off Perforated Island near Coffin Bay,diving,M,49,FATAL,Y,18h20,White shark x 2,"T. Peake, GSAF"
972,30-Oct-2010,2010,Unprovoked,AUSTRALIA,Western Australia,Off Garden Island,unknown,F,20,Torso and left buttock bitten,N,12h30,White shark,"Perth Now, 10/30/2010"
980,09-Oct-2010,2010,Unprovoked,AUSTRALIA,New South Wales,Mullaway Headland,surfing,M,22,Foot bitten,N,13h30,"Bull shark, 1.4m ","The Coffs Coast Advocate, 10/16/2010"
987, 13-Sep-2010,2010,Unprovoked,AUSTRALIA,New South Wales,Fraser's Reef,surfing,M,15,Lacerations and puncture wounds to leg and foot,N,17h00,2m shark,"Daily Telegraph, 9/16/2010"
996,17-Aug-2010,2010,Unprovoked,AUSTRALIA,Western Australia,Cowaramup Bay,surfing,M,31,FATAL,Y,08h05,White shark,"The Australian, 8/17/2010"
1039,13-Feb-2010,2010,Unprovoked,AUSTRALIA,Queensland,"Dent Island, Whitsundays",unknown,F,60,Lacerations to legs & buttocks,N,13h30,2 m shark,"Sydney Morning Herald, 2/14/2010"
1040,11-Feb-2010,2010,Unprovoked,AUSTRALIA,New South Wales,"Mona Vale Beach, Sydney",surfing,M,46,"Minor injury, lacerations to left lower leg",N,08h00,"Wobbegong shark, 1.6m","John West,       Taronga Zoo"
1042,06-Feb-2010,2010,Unprovoked,AUSTRALIA,New South Wales,Turners' Beach,unknown,M,18,"No injury, shark & board collided",N,15h30,"White shark, 2.5m","K. Matthews, Lismore Northern Star, 2/10/2010"
1062,20-Dec-2009,2009,Unprovoked,AUSTRALIA,Queensland,Lamont Reef,fishing,M,18,Lacerations to hand & forearm,N,07h30,"Bull shark, 3m","Brisbane Times, 12/20/2009"
1075,08-Nov-2009,2009,Unprovoked,AUSTRALIA,South Australia,Second Valley,boating,M,25,Ankle bitten,N,10h30,2 m shark,"Adelaide Now, 11/19/2009"
1077,30-Oct-2009,2009,Boating,AUSTRALIA,Victoria,Portland,boating,M,27,"No injury, shark bit kayak",N,Morning,"White shark, 4m","The Age, 10/31/2009"
1116,27-Jun-2009,2009,Unprovoked,AUSTRALIA,New South Wales,"Seven Mile Beach, Gerroa",surfing,M,52,2-inch laceration to upper left arm,N,08h45,"Thought to involve a Bronze whale shark, 2m","Brisbane Times, 6/28/2009"
1137,12-Apr-2009,2009,Unprovoked,AUSTRALIA,New South Wales,Fingal Bay,unknown,M,40,"No injury, catapulted into the water & ski damage",N,08h00,2' to 3' shark,"Port Stephens Examiner, 4/15/2009"
1143,20-Mar-2009,2009,Unprovoked,AUSTRALIA,New South Wales,Blue Bay,surfing,M,17,"Laceration to right foot, puncture wounds to calf",N,18h45,Bronze whaler shark?,"Madurah Mail, 3/26/2009"
1153,01-Mar-2009,2009,Unprovoked,AUSTRALIA,New South Wales,Avalon,surfing,M,15,Lacerations to leg,N,06h45,2.6 m shark,"Sunday Telegraph, 3/1/2009"
1156,12-Feb-2009,2009,Unprovoked,AUSTRALIA,New South Wales,"Bondi Beach, Sydney",surfing,M,33,Severe injury to hand ,N,19h30,"White shark, 2.5m ",The Sydney Morning Herald 2/24/2009
1157,11-Feb-2009,2009,Unprovoked,AUSTRALIA,New South Wales,"Garden Point, Woolloomooloo Sydney Harbour",diving,M,31,Severe injuries to right hand & right thigh. Right hand  surgically amputated & his right leg a week later,N,Before 07h00,"Bull shark, 2.7 m ","ABC News, 2/11/2009"
1159,07-Feb-2009,2009,Unprovoked,AUSTRALIA,New South Wales,Cellito Beach,surfing,M,41,"No injury, surfboard dented",N,11h00,"White shark, 12' ","D. Keg; Herald Sun, 2/8/2009"
1171,12-Jan-2009,2009,Unprovoked,AUSTRALIA,New South Wales,"Windang,       Lake Illawara",unknown,M,24,Puncture wounds to right calf,N,10h45,"Dusky shark, 2m","T. Peake, GSAF"
1172,11-Jan-2009,2009,Unprovoked,AUSTRALIA,Tasmania,Binalong Bay,surfing,F,13,Severe lacerations to right leg,N,15h45,"White shark, 5m","P. Kemp, GSAF; C. Black pp. 169-177"
1173,11-Jan-2009,2009,Unprovoked,AUSTRALIA,New South Wales,Fingal Beach,surfing,M,31,Left thigh severely bitten,N,09h00,"White shark, 3.5m","T. Peake, GSAF"
1181,27-Dec-2008,2008,Boating,AUSTRALIA,New South Wales,"Long Reef, north of Sydney",boating,M,29,"No injury, shark struck kayak, catapulting him into the water",N,11h00,"White shark, 4m to 5m ","Canberra Times, 12/28/2008"
1182,27-Dec-2008,2008,Unprovoked,AUSTRALIA,Western Australia,Port Kennedy Beach,unknown,M,51,FATAL,Y,07h00,4 to 5m white shark,"T. Peake, GSAF"
1194,22-Oct-2008,2008,Provoked,AUSTRALIA,New South Wales,"Oceanworld, Manley",diving,M,34,Small laceration to head from captive shark,N,17h20,"Grey nurse shark, 3m","Herald, 10/22/2008"
1202,15-Sep-2008,2008,Provoked,AUSTRALIA,Northern Territory,Near Croker Island,swimming,M,43,Right hand lacerated by netted shark PROVOKED INCIDENT,N,14h30,Bronze whaler shark,"Northern Territory News, 9/18/2008"
1206,07-Sep-2008,2008,Unprovoked,AUSTRALIA,New South Wales,"Clarks Beach, Byron Bay",surfing,M,51,Shark became tangled in his surfboard leash. The surfer was not injured,N,12h00,3 m shark,"Mailonline.com, 9/8/2008"
1223,30-Jul-2008,2008,Unprovoked,AUSTRALIA,Victoria,Levys Beach,surfing,M,31,"No injury, surfboard leash severed",N,10h30,8' white shark or 7-gill shark,"Herald Sun, 7/31/2008"
1259,10-May-2008,2008,Unprovoked,AUSTRALIA,Western Australia,Albany,swimming,M,37,Severe lacerations to left leg,N,07h30,"White shark, 4m","Perth Now, 5/10/2008"
1278,08-Apr-2008,2008,Unprovoked,AUSTRALIA,New South Wales,"Lighthouse Beach, Ballina",unknown,M,16,FATAL,Y,08h05,Bull shark,"T. Peake, GSAF; NSW Police Force"
1294,27-Jan-2008,2008,Provoked,AUSTRALIA,Queensland,200 km east of Coolangatta  ,standing,M,20,Laceration to left knee PROVOKED INCIDENT,N,07h30,"Mako shark, 90kg",News.com.au
1302,18-Dec-2007,2007,Unprovoked,AUSTRALIA,New South Wales,Jimmy's Beach,surfing,M,31,Severe lacerations to right buttock,N,11h00,2 m shark,"Daily Telegraph, 12/18/2007"
1316,15-Oct-2007,2007,Unprovoked,AUSTRALIA,New South Wales,Byron Bay,unknown,F,52,small laceration to wrist,N,11h30,"White shark, 2.5m ","Sydney Morning Herald, 10/15/2007"
1317,13-Oct-2007,2007,Unprovoked,AUSTRALIA,Queensland,Holmes Reef,fishing,M,31,Laceration to calf,N,12h00,Bronze whaler shark,"news.com.au, 10/14/2007"
1358,19-Jul-2007.a,2007,Unprovoked,AUSTRALIA,Territory of Cocos (Keeling) Islands,Direction Island,unknown,M,15,Calf bitten,N,11h00,"Bronze whaler shark, 1.5 m ","The Western Australian, 7/20/2007"
1377,16-May-2007,2007,Unprovoked,AUSTRALIA,Western Australia,"Warra Beach, Coral Bay",unknown,F,38,Left heel & calf bitten,N,14h30,2.5 m shark,"The Western Australian, 5/16/2007"
1378,12-May-2007,2007,Unprovoked,AUSTRALIA,Victoria,Warrnambool,surfing,M,19,"No injury, shark's fin caught his leg",N,17h45,10' shark,"The Standard, 5/15/2007"
1386,26-Apr-2007,2007,Unprovoked,AUSTRALIA,Queensland,"Mornington Island, Gulf of Carpentaria",swimming,F,13,Lower leg & foot injured,N,18h00,"""a small shark""","news.com.au, 4/29/2007"
1396,20-Mar-2007,2007,Unprovoked,AUSTRALIA,New South Wales,South Golden Beach,surfing,F,42,Lacerations to 3 fingers of left hand ,N,10h00,1.5 m shark,"Gold Coast Bulletin, 3/21/2007"
1398,12-Mar-2007,2007,Unprovoked,AUSTRALIA,Queensland,"Moore Park, north of Bundaberg",swimming,F,59,"Bruises to arm and hand, laceration to lower leg & minor injuries to foot",N,15h30,2 to 2.5 m shark,ABC News Online
1406,23-Jan-2007,2007,Unprovoked,AUSTRALIA,New South Wales,Cape Howe,diving,M,41,Head & torso bitten,N,10h30,"White shark, 3m","NZ Herald, 1/23/2007"
1412,18-Dec-2006,2006,Unprovoked,AUSTRALIA,Victoria,"Winki Pop, Bells Beach",surfing,M,25,Left leg bitten,N,20h00,2.5 to 3 m shark,"P. Kemp, GSAF"
1416,02-Dec-2006,2006,Unprovoked,AUSTRALIA,Western Australia,Wharton Beach,unknown,M,15,"Right leg severed, left leg lacerated",N,07h30,"White shark, 5m ","P. Kemp, GSAF, Sunday Mail, 12/3/2006"
1475,05-Jun-2006,2006,Unprovoked,AUSTRALIA,South Australia,Waitpinga,surfing,M,40,"No injury, knocked off surfboard",N,11h30,14' white shark,"P.Kemp, GSAF; Sunday Mail (Adelaide), 6/11/2006, p.17"
1484,02-May-2006,2006,Provoked,AUSTRALIA,Queensland,"Moffat Beach, Caloundra",unknown,M,46,Abrasion & 6 puncture wounds on chest after grabbing the shark by its tail PROVOKED INCIDENT,N,16h30,"Wobbegong shark, 2 m ","Sunshine Coast Daily, 5/4/2006"
1489,11-Apr-2006,2006,Unprovoked,AUSTRALIA,New South Wales,Newcastle Beach,surfing,M,15,Minor laceration to left foot,N,13h30,"Bronze whaler shark, a  juvenile ","Daily Telegraph, 4/12/2006"
1497,15-Mar-2006,2006,Unprovoked,AUSTRALIA,New South Wales,"Bondi, Sydney",surfing,M,15,"No injury, shark nudged surfboard",N,17h00,"Bronze whaler shark, 2 m","The Australian, 3/15/2006"
1510,15-Jan-2006,2006,Unprovoked,AUSTRALIA,Western Australia,"Off City Beach, Perth",diving,M,52,Lacerations to left elbow,N,11h00,3.5 m white shark,"T. Peake, GSAF"
1512,07-Jan-2006,2006,Unprovoked,AUSTRALIA,Queensland,"Amity Point, North Stradbroke Island",swimming,F,21,FATAL,Y,17h15,Bull shark,"T. Peake, GSAF"
1518,11-Dec-2005,2005,Unprovoked,AUSTRALIA,Queensland,St. Crispin Reef,fishing,M,44,Right forearm & elbow bitten,N,11h00,Whitetip reef shark,"Courier-Mail, 12/12/2005"
1523,25-Nov-2005,2005,Unprovoked,AUSTRALIA,Victoria,Flinders,surfing,M,18,"2 lacerations on leg, each 4"" to 5"" long",N,18h00,1.8 m shark,"Sydney Morning Herald, 11/25/2005"
1545,24-Sep-2005,2005,Unprovoked,AUSTRALIA,South Australia,Kangaroo Island,surfing,M,26,Lacerations to legs,N,12h05,14' to 16' white shark,"T. Peake, GSAF"
1546,23-Sep-2005,2005,Unprovoked,AUSTRALIA,Western Australia,"Scarborough Beach, Perth",surfing,M,44, No injury,N,Morning,Bronze whaler shark,"T. Peake, GSAF"
1552,04-Sep-2005,2005,Unprovoked,AUSTRALIA,South Australia,"Fishery Bay, Eyre Peninsula",surfing,M,40,Lacerations to right arm & thigh,N,15h00,4 m [13'] white shark,"C.Jenkin, Courier-Mail, 9/5/2005"
1555,24-Aug-2005,2005,Unprovoked,AUSTRALIA,South Australia,Glenelg ,diving,M,23,FATAL,Y,16h10,White shark,"Adelaide Advertiser, 8/26/2005"
1592,25-Apr-2005,2005,Provoked,AUSTRALIA,New South Wales,Bermagui,fishing,M,25,Laceration on left thigh PROVOKED INCIDENT,N,23h00,"Mako shark, 1.5 m [5'] ","Brisbane Courier Mail, 4/26/2005"
1595,16-Apr-2005,2005,Unprovoked,AUSTRALIA,New South Wales,Bronte Beach,surfing,M,40,"No injury, board bitten",N,06h10,Bronze whaler shark,The Sun; Illwarra Mercury; Yahoo News
1604,19-Mar-2005,2005,Unprovoked,AUSTRALIA,Western Australia,"Wreck Point, Abrolhos Islands",unknown,M,26,FATAL,Y,14h00,6 m [20'] white shark,"T. Peake, GSAF"
1619,16-Dec-2004,2004,Unprovoked,AUSTRALIA,South Australia,"West Beach, Adelaide",surfing,M,18,FATAL,Y,15h15,4.5 m & 5 m white shark ,"P. Kemp & T. Peake, GSAF"
1620,11-Dec-2004,2004,Unprovoked,AUSTRALIA,Queensland,Opal Reef,fishing,M,38,"FATAL, leg bitten",Y,13h00,Bull shark,"Weekend Australian, 2/17/2005, et al."
1630,21-Oct-2004,2004,Unprovoked,AUSTRALIA,New South Wales,Stockton Beach,surfing,M,59,Right foot lacerated,N,Afternoon,"Bronze whaler shark, 2.4 m [8'] ","The Border Mail, 10/23/2004"
1657,10-Jul-2004,2004,Unprovoked,AUSTRALIA,Western Australia,"Lefthanders Beach, Margaret River",surfing,M,30,"FATAL, abdomen, pelvis & leg bitten      ",Y,14h10,"2 sharks, 4.5 m & 3 m ","T. Peake, GSAF"
1663,10-Jun-2004,2004,Unprovoked,AUSTRALIA,Western Australia,Bunbury,unknown,M,17,Ankle & foot lacerated,N,Late afternoon,"Bronze whaler shark, 2.5 m [8.25'] ","T. Peake, GSAF"
1699,25-Jan-2004,2004,Unprovoked,AUSTRALIA,Western Australia,Binningup,diving,M,46,Left leg bitten,N,11h05,4 m to 5 m [13' to 16.5'] white shark,"T. Peake, GSAF"
1726,31-Oct-2003,2003,Unprovoked,AUSTRALIA,New South Wales,"Lighthouse Beach, Seal Rocks",surfing,M,22,Left ankle & foot lacerated,N,17h30,"1.5 m [5'] shark, either a bronze whaler or a grey nurse shark",ABC News Australia
1795,15-Feb-2003,2003,Unprovoked,AUSTRALIA,South Australia,"Goolwa Beach, Fleurieu Peninsula",unknown,M,37,Ankle lacerated,N,Dusk,"""a small shark""","T. Peake, GSAF, surfsouthoz.com, 3/38/2003"
1797,11-Feb-2003,2003,Unprovoked,AUSTRALIA,New South Wales,"Coogee Bay, near Sydney",swimming,M,24,"Puncture wounds on heel, legs and buttocks",N,--,Thought to involve a 2 m [6.75'] grey nurse shark,"T. Peake, GSAF"
1798,08-Feb-2003,2003,Unprovoked,AUSTRALIA,Queensland,Burleigh Lake on the Gold Coast,swimming,M,84,FATAL,Y,Morning,Thought to involve a >2 m [6.75'] bull shark,"T. Peake, GSAF; Sunday Territorian, 2/9/2003, p.9"
1806,16-Dec-2002,2002,Unprovoked,AUSTRALIA,Queensland,Miami Lake,swimming,M,23,FATAL,Y,02h30,Bull shark,"T. Peake, GSAF; Northern Territory News, 12/20/2002, p.9"
1865,30-Apr-2002,2002,Unprovoked,AUSTRALIA,South Australia,"Smoky Bay, near Ceduna, on the Eyre Peninsula",diving,M,23,"FATAL, torso & leg bitten  ",Y,12h40,"White shark, 6m [20']","T. Peake, GSAF"
1881,16-Feb-2002,2002,Unprovoked,AUSTRALIA,Queensland,Sunshine Beach,surfing,M,30 or 36,Heel / foot bitten,N,09h00 -10h00,"1.5 m [5'] ""whaler shark""","Sunday Mail (QLD), 2/17/2002, p.13; T. Peake, GSAF;  AAP (Australia)"
1883,07-Feb-2002,2002,Boating,AUSTRALIA,New South Wales,Paramatta River (near Sydney),boating,M,35,Stern of kayak bitten/chest bruised ,N,19h15,C. leucas tooth fragment recovered from kayak,"T. Peake, GSAF"
1884,30-Jan-2002,2002,Unprovoked,AUSTRALIA,New South Wales,Just north of Fingal Spit,surfing,M,20,Bruises & minor cuts,N,20h45 (Sunset),"Tiger shark, 3 m [10']","T. Peake, GSAF"
1895,02-Oct-2001,2001,Unprovoked,AUSTRALIA,Queensland,200 miles offshore,unknown,F,20,Lacerations to right forearm & shoulder injured,N,13h00,Bronze whaler shark?,K. Jones
1968,02-Apr-2001,2001,Unprovoked,AUSTRALIA,New South Wales,Nambucca River Entrance,surfing,M,40,Calf bitten,N,10h00,Bronze whaler shark,"T. Peake, GSAF"
1976,04-Feb-2001,2001,Unprovoked,AUSTRALIA,New South Wales,Broome Head,surfing,M,40,Leg bitten,N,16h15,"Bronze whaler shark, 2.5 m [8.25']  k","Daily Dispatch, 2/6/2001"
1986,03-Dec-2000,2000,Unprovoked,AUSTRALIA,Queensland,"Sykes Reef, Great Barrier Reef",fishing,M,38,Left elbow and forearm bitten,N,09h30,"Bronze whaler shark, 2.5 m [8.25'] ","N. Leys; Daily Telegraph, 12/4/2000.p.3"
1992,06-Nov-2000,2000,Unprovoked,AUSTRALIA,Western Australia,"Cottesloe Beach, Perth",swimming,M,52,Leg & feet lacerated,N,06h30,"White shark, 4.9 m [16'] ","B. May, AAP; G. Thiel"
1993,06-Nov-2000,2000,Unprovoked,AUSTRALIA,Western Australia,"Cottesloe Beach, Perth",swimming,M,49,"FATAL, torso bitten, leg severed ",Y,06h30,"White shark, 5 m [16.5'] ","B. May, AAP; G. Thiel"
2004,25-Sep-2000,2000,Unprovoked,AUSTRALIA,South Australia,"Black Point, Eyre Peninsula",surfing,M,17,FATAL,Y,13h00,White shark,"T. Peake, GSAF"
2005,24-Sep-2000,2000,Unprovoked,AUSTRALIA,South Australia,Cactus Beach near Penong,surfing,M,25,FATAL,Y,07h30,"White shark, 4 m to 5 m [13' to 16.5'] ","T. Peake, GSAF"
2061,30-Mar-2000,2000,Unprovoked,AUSTRALIA,Queensland,"Main Beach, Gold Coast",swimming,M,26,Left calf bitten,N,14h00,2.5 m shark,"T. Peake, GSAF"
2123,29-May-1999,1999,Unprovoked,AUSTRALIA,South Australia,"Hardwicke Bay, Yorke Peninsula",surfing,M,22,"FATAL, body not recovered",Y,14h30,Thought to involve a white shark,J. Morris
2136,23-Feb-1999,1999,Unprovoked,AUSTRALIA,New South Wales,Scotts Head,surfing,M,35,"Left hand & forearm bitten, board bitten",N,Evening,Bronze whaler or tiger shark,"Daily Telegraph, 2/24/1999, p.3; Orlando Sentinel, 2/24/1999, p.A10"
2181,28-Jun-1998,1998,Unprovoked,AUSTRALIA,South Australia,South Neptune Island,diving,M,26,"FATAL, left thigh and lower leg severely injured  ",Y,14h00,Thought to involve a 5.5 m white shark named Kong,R.W. Byard
2214,09-Nov-1997,1997,Unprovoked,AUSTRALIA,Western Australia,Albany,diving,M,42,Left arm lacerated when shark grabbed scooter,N,Morning,White shark,"Daily Telegraph, 11/12/1997, p.5"
2259,28-Feb-1997,1997,Unprovoked,AUSTRALIA,Queensland,Whitsunday Passage,diving,M, 30,Left arm bitten,N,Midday,"Tiger shark, 2m to 3m ","The Advertiser, 3/1/1997, p.12"
2263,25-Jan-1997,1997,Unprovoked,AUSTRALIA,Queensland,"Whitehaven Beach, Whitsundays Island",unknown,M,27,"Left leg lacerated, punctures to right leg",N,11h00 / 11h30,1.8 m to 2.1 m [6' to 7'] shark,"Sunday Mail (QLD), 1/26/1997, p.2; Hobart Mercury, 1/27/1997, p.2"
2264,20-Jan-1997,1997,Unprovoked,AUSTRALIA,Western Australia,Geraldton,surfing,M,41,"Presumed fatal, no body recovered, shark mutilated wetsuit & harness recovered ",Y,18h00,"Tiger shark, 4.5 m [14'9""]","Daily Telegraph, 1/22/1997, p.1; H. Edwards, p.14-15"
2311,05-Mar-1996,1996,Unprovoked,AUSTRALIA,Queensland,Heron Island,swimming,F,47,Left arm & leg lacerated,N,07h00,Tiger shark,"Advertiser, 3/6/1996, p.9; Daily Mail (London), 3/9/1996 "
2313,26-Feb-1996,1996,Unprovoked,AUSTRALIA,New South Wales,"Charles Street Wharf, Parramatta River",unknown,M,24,Left leg & right testicle bitten,N,Night,Bronze whaler shark,"Daily Telegraph, 2/29/1996, p.5; H. Edwards, pp.31-32"
2319,04-Feb-1996,1996,Unprovoked,AUSTRALIA,New South Wales,"Ned's Beach, Lord Howe Island",swimming,M,7,Ankles injured,N,Afternoon,"""reef shark""","The Advertiser, 2/6/1996, p.2; Daily Telegraph, 2/5/1996, p.9"
2335,11-Oct-1995,1995,Unprovoked,AUSTRALIA,Queensland,"Pialba, Hervey Bay",standing,F,15,Laceration to thigh,N,14h30,4 m shark,"Herald Sun, 10/12/1995, p.9"
2344,11-Sep-1995,1995,Unprovoked,AUSTRALIA,Western Australia,"Honeymoon Island, near Hopetown",diving,M,29,"FATAL, head, shoulder and arm severed, remains recovered at Munglinup Beach on 9/13/1995",Y,15h00,White shark,"The Advertiser, 9/13/1995, p.2; H. Edwards, pp.1-8"
2395,11-Mar-1995,1995,Unprovoked,AUSTRALIA,South Australia,Cactus Beach,surfing,M,35,Left arm lacerated,N,07h30,"Bronze whaler shark, 2 m ","Advertiser, 3/13/1995, p.1 & 7/22/1995, p.13"
2463,21-Nov-1993,1993,Unprovoked,AUSTRALIA,Western Australia, A pearl  farm in Roebuck Bay,diving,M,27,FATAL,Y,15h15,Tiger shark caught 6 days later with divers remains in its gut,"H. Edwards, pp.135-137"
2493,09-Jun-1993,1993,Unprovoked,AUSTRALIA,New South Wales,"Julian Rocks, Byron Bay",diving,M,31,FATAL,Y,09h30,Remains recovered from 5.5 m [18'] white shark,"A. MacCormick, p.56; H. Edwards, pp.11 & 159"
2494,05-Jun-1993,1993,Unprovoked,AUSTRALIA,Tasmania,Tenth Island (King Island),diving,F,34,FATAL,Y,10h55,5 m [16.5'] white shark,"Telegraph Mirror (Sydney), June 7, 1993; H. Edwards, p.156; C. Black pp. 167-169"
2508,04-Feb 1993,1993,Provoked,AUSTRALIA,Queensland,Mooloolaba,fishing,M,69,"Legs lacerated, puncture wound in hand from hooked shark hauled onboard PROVOKED INCIDENT",N,13h45,"Bronze whaler shark, 1.5 m ","Courier-Mail, 2/5/1993, p.7"
2510,05-Jan-1993,1993,Unprovoked,AUSTRALIA,Queensland,"Line Reef, northeast of Hamilton Island, Whitsundays",fishing,M,21,"6"" laceration to left forearm",N,09h00,1.5 m shark,"Courier-Mail, 1/6/1993, p.1"
2531,01-Oct-1992,1992,Unprovoked,AUSTRALIA,Queensland,"North Point Beach, Moreton Island",surfing,M,28,FATAL,Y,14h30,4.2 m white shark,"Daily Telegraph (Sydney) 10/2/1992 ; Orlando Sentinel, 10/2/1992, p.A3; A. Sharpe, p.108; A. MacCormick, p.197"
2538,25-Aug-1992,1992,Unprovoked,AUSTRALIA,South Australia,"Lipson Cove, Tumby Bay",surfing,M,17,"Minor cuts, sufboard bitten",N,17h50,4 m white shark,"Advertiser, 8/28/1992, p.3; J. West, ASAF"
2566,29-Jan-1992,1992,Unprovoked,AUSTRALIA,New South Wales,Tweed Heads,unknown,M,19,Right leg lacerated,N,20h00,"Bronze whaler shark, 2.3 m [7.5'] ","Advertiser, 1/30/1992, p.7 & 2/1/1992, p.4"
2582,08-Sep-1991,1991,Unprovoked,AUSTRALIA,South Australia,"Snapper Point, Aldinga Beach, Adelaide",diving,M,19,FATAL,Y,15h00,4 m [13'] white shark,"Advertiser, 1/31/1992, p.5; A. Sharpe, pp.127-128 "
2583,30-Aug-1991,1991,Provoked,AUSTRALIA,Queensland,"On board the Japanese longline trawler Fukuya No.38, 100 nm northeast of Brisbane",unknown,M,36,"Shark bit his arm, nearly severing it PROVOKED INCIDENT",N,Afternoon,"3 m [10'], 270- kg [595-lb] shark","A. Sharpe, pp.107-108"
2638,09-Apr-1990,1990,Unprovoked,AUSTRALIA,Queensland,Greenmount Beach,surfing,M,31,"Lacerations & abrasions, board bitten in half",N,05h40,"Tiger shark, 3 m ","Herald, 4/10/1990, p.4 & 4/11/1990, p.1"
2657,22-Oct-1989,1989,Unprovoked,AUSTRALIA,Tasmania,Shelly Point ,surfing,M,17,"No injury, board bitten",N,14h20,2.7 m [9'] white shark,"Hobart Mercury, 10/23/1989, p.1; C. Black, pp 163-167"
2668,29-Aug-1989,1989,Provoked,AUSTRALIA,Queensland,SeaWorld Theme Park,unknown,M,30,Left leg bitten by captive shark                   PROVOKED INCIDENT,N,Afternoon,Grey nurse shark,"The Canberra Times, 9/1/1989"
2671,13-Aug-1989,1989,Unprovoked,AUSTRALIA,New South Wales,Lennox Head,surfing,M,17,"No injury, shark took chunk out of surfboard",N,06h30,"Bronze whaler shark, 3 m [10'] ","Sydney Morning Herald, 8/14/1989, p.3; Courier Mail, 8/19/1989, p.2"
2690,09-Mar-1989,1989,Unprovoked,AUSTRALIA,South Australia,"Waitpinga Beach, near Victor Harbor, Encounter Bay",surfing,M,27,Thigh bitten FATAL,Y,20h15,2 m [6.75'] white shark,"Courier-Mail, 3/11/1989, p.5;  J. West, ASAF"
2700,03-Jan-1989,1989,Unprovoked,AUSTRALIA,New South Wales,"Half Tide Beach, Evans Head",surfing,M,17,"Abdomen lacerated, surfboard holed",N,17h15,"Tiger shark, 4 m [13'] ","Courier Mail, 1/4/1989, p.1; Herald, 1-4/1989, p.1; Miami Herald, 1/5/1989; A. Sharpe, p.87"
2829,01-Feb-1986,1986,Unprovoked,AUSTRALIA,Victoria,Jan Juc Beach,surfing,M,29,"No injury, knocked into water & board bitten",N,06j00,"Bronze whaler shark, 3.5 m ","Sun, 2/3/1986, p.4"
2857,03-Mar-1985,1985,Unprovoked,AUSTRALIA,South Australia,"Wisemans Beach, Peake Bay, Port Lincoln",diving,F,33,FATAL,Y,12h30,6 m [20'] white shark,"A. MacCormick, pp.76-79; H. Edwards, p.155; A. Sharpe, pp.126-127; J. West, ASAF"
2870,30-Nov-1984,1984,Unprovoked,AUSTRALIA,Queensland,1 km off Black's Beach,boating,M,16,FATAL,Y,12h33,"Tiger shark, 4 m ","Courier-Mail, 12/1/1984, p.1; A. Sharpe, p.106"
2927,26-Jul-1983,1983,Sea Disaster,AUSTRALIA,Queensland,"Off Lodestone Reef, Great Barrier Reef, north of Townsville",swimming,F,21,"FATAL, shark seized her by the chest and took her underwater ",Y,04h00,"Tiger shark, 5 m [16.5']","B. Myatt, GSAF"
2928,25-Jul-1983,1983,Sea Disaster,AUSTRALIA,Queensland,"Off Lodestone Reef, Great Barrier Reef, north of Townsville",swimming,M,24,"FATAL, shark bit leg, then dragged him underwater ",Y,Night,"Tiger shark, 5 m [16.5']","H. Edwards, pp. 103-104; A. MacCormick, pp.110-112"
2929,25-Jul-1983,1983,Sea Disaster,AUSTRALIA,Queensland,"Off Lodestone Reef, Great Barrier Reef, north of Townsville",unknown,M,28,"Left knee bitten, but survived",N,Night,"Tiger shark, 5 m [16.5']","H. Edwards, pp.103-104; A. MacCormick, pp.110-112 "
3046,1981,1981,Unprovoked,AUSTRALIA,New South Wales,Byron Bay,unknown,M,27,"No injury, ski bitten",N,07h00,"Tiger shark, 2.5 m ","Sunday Mail (QLD), 9/6/1987, p.10"
3139,31-Aug-1977,1977,Unprovoked,AUSTRALIA,South Australia,"Cactus Beach, near Ceduna",surfing,M,17,"Board rammed &  bitten, left thigh lacerated",N,16h00,White shark,"The Age, 9/2/1977"
3214,30-Jul-1975,1975,Unprovoked,AUSTRALIA,Tasmania,"Fluted Cape, Bruny Island",diving,M,37,FATAL,Y,Afternoon,White shark,"Times, 8/1/1975, Yuma Daily Sun, 8/1/1975; C. Black pp. 153-157 "
3240,10-Feb-1975,1975,Unprovoked,AUSTRALIA,South Australia,(Point Sinclair) Penong,fishing,M,12,Right leg  severed FATAL,Y,18h00,"White shark, 3 m [10'] "," A. Sharpe, pp.124-125; Sydney Morning Herald, 2/3/2001 ed."
3340,20-Feb-1972,1972,Unprovoked,AUSTRALIA,Victoria,"Wilson's Promontory, Waratah Bay",surfing,M,18,Laceration above knee,N,11h00,7' shark,"Sydney Morning Herald, 2/21/1972 "
3358,21-Aug-1971,1971,Provoked,AUSTRALIA,New South Wales,"Manly Marineland, Sydney",diving,M,26,Eight puncture wounds to right leg by captive shark PROVOKED INCIDENT,N,13h15,"Grey nurse shark, 11'","Sydney Morning Herald, 8/22/1971"
3440,Reported 17-Feb-1969,1969,Provoked,AUSTRALIA,Tasmania,Taroona,fishing,M,49,Lacerations to hand from hooked shark PROVOKED INCIDENT,N,Daytime,7-gill shark,"C. Black, GSAF"
3446,26-Dec-1968,1968,Provoked,AUSTRALIA,New South Wales,"Marineland Aquarium, Manley, Sydney",unknown,M,27,Laceration to finger by a captive shark PROVOKED INCIDENT,N,Morning,"Grey nurse shark, 10' ","The Age, 12/27/1968"
3485,04-Feb-1968,1968,Unprovoked,AUSTRALIA,South Australia,Cape Jervis,fishing,M,26,"No injury, speargun bitten",N,18h30,"Bronze whaler shark, 3 m [10'] ","H.D. Baldridge, p.199"
3514,19-Aug-1967,1967,Unprovoked,AUSTRALIA,Western Australia,Jurien Bay,fishing,M,23,"FATAL, ""bitten in two""",Y,11h00,White shark,"H. Edwards, pp.35-42; H.D. Baldridge, p.28; A. Sharpe, pp.132-133; A. MacCormick, p.86; J. West, ASAF"
3531,12-Mar-1967,1967,Provoked,AUSTRALIA,Victoria,Geelong,fishing,M,36,Speared shark lacerated his arm PROVOKED INCIDENT,N,15h00,Grey nurse shark,"H.D. Baldridge, SAF Case #1466"
3549,27-Sep-1966,1966,Unprovoked,AUSTRALIA,Queensland,"Broomfield Island, 11 miles from Heron Island on the Great Barrier Reef",diving,M,32,Shoulder lacerated,N,16h45,"Bronze whaler shark, 2.1 m [7'], a tooth was embedded in the speargun ","B. Dawson, J.Green, pp.50-52; The Cairns Post, 9/28/1966 (Note: the  press erroneously reported the diver's name as Davidson.)"
3553,10-Sep-1966,1966,Unprovoked,AUSTRALIA,Western Australia,Roe Reef off Rottnest Island,fishing,M,43,No injury,N,12h00,"Mako shark, 1.9 m [6.5'] ","The West Australian (Perth), 9/14/1966; H.D.Baldridge, p.136"
3586,27-Feb-1966,1966,Unprovoked,AUSTRALIA,New South Wales,Coledale Beach,unknown,M,13,"Left leg & lower right leg bitten, taken ashore with shark still grasping his leg",N,14h00,"White shark, 2.5 m [8.25'], an immature female, previously injured","T. B. Gorman & D.J. Dunatan, NSW State Fisheries Laboratories; H.D. Baldridge, p.58; A. Sharpe, pp.77-79; A. MacCormick, p.162"
3604,03-Nov-1965,1965,Unprovoked,AUSTRALIA,Queensland,Oak Beach,surfing,M,24,Puncture wounds to right thigh,N,16h30,"Grey nurse shark, 2.4 m [8'] ","Telegraph (Sydney), Mirror (Sydney), Post (Cairns),  11/4/1965; J. Green, p.35"
3654,29-Nov-1964,1964,Unprovoked,AUSTRALIA,Victoria ,Lady Julia Percy Island,diving,M,25,Left leg severed,N,14h30,"White shark, 2.4 m [8'] ","A. Sharpe, pp.115-116; H. Edwards, pp.67-71; J. Green, p.35; A. MacCormick, pp.88-91; J. West, ASAF"
3660,04-Oct-1964,1964,Unprovoked,AUSTRALIA,Western Australia,"Avalon Beach, near Mandurah, 50 miles south of Perth",surfing,M,19,Abrasions & 11 teethmarks on right lower leg,N,09h30,"Grey nurse shark, 1.8 m [6']",The Australian 10/5/1964
3724,08-Dec-1963,1963,Unprovoked,AUSTRALIA,South Australia,55 miles south of Adelaide,fishing,M,23,Torso & hand lacerated,N,12h45,White shark,"H. Edwards, pp.65-66: H.D. Baldridge, pp.18-19; J. West;"
3740,13-Sep-1963,1963,Provoked,AUSTRALIA,New South Wales,Wanda Beach,surfing,M,18,"A ""dead"" shark grabbed by the tail bit his right torso PROVOKED INCIDENT",N,09h30,1.5 m [5'] shark,"P. Barron; Goulburn Evening Post; J. Green, p.35"
3760,24-Feb-1963,1963,Unprovoked,AUSTRALIA,New South Wales,Wombarra Beach near Austinmeer,fishing,M,18,Left leg lacerated,N,Afternoon,"Bronze whaler shark, 3 m [10'] ","R. Funnell in Australian Skindiver Magazine, June/July 1963, p.8; J. Green, p.35"
3765,28-Jan-1963,1963,Unprovoked,AUSTRALIA,New South Wales,"Sugarloaf Bay, Middle Harbour, Sydney",unknown,F,32,"FATAL, right femoral artery severed, thigh, calf, buttock & left hand bitten  ",Y,13h30,"Tooth fragments of whaler shark were recovered, a bull shark, according to Edwards","Dr. P.R. Coyne; A. Sharpe, pp.7-12; A. MacCormick, pp.15-18; H. Edwards, pp.102 & 108"
3777,09-Dec-1962,1962,Unprovoked,AUSTRALIA,South Australia,Carrickalinga Head,fishing,M,16,"FATAL, right leg bitten thigh to calf  ",Y,14h30,"White shark, 4.3 m [14'] (or bronze whaler)","H. Edwards, p.63; H.D. Baldridge, p.197; A. MacCormick, pp.91-93; A. Sharpe, p.124; J. West"
3837,04-Feb-1962,1962,Unprovoked,AUSTRALIA,Queensland,Greenmount Beach,swimming,M,35,Shin bitten,N,14h30,60 cm  shark ,"Courier Mail (Brisbane), 2/5/1962"
3848,14-Jan-1962,1962,Unprovoked,AUSTRALIA,New South Wales,"Lennox Head, Ballina",surfing,M,19,Dorsum of foot lacerated & toe severed,N,13h30,"Bronze whaler shark, 2.1 m [7'] shark","The Star (Johannesburg), Daily Telegraph (Sydney), Sydney Morning Herald,  The Examiner (Launceston) 1/15/1962; V.M. Coppleson (1962), p.246; R.D. Weeks, GSAF"
3862,28-Dec-1961,1961,Unprovoked,AUSTRALIA,Queensland,"Lambert's Beach, Mackay",standing,F,18,"FATAL, right arm severed at shoulder, left hand severed, right thigh bitten & surgically amputated.  Died  day after the attack",Y,16h15,3 m [10'] shark,"V.M. Coppleson (1962), p.246; A. MacCormick, pp.19-21; A. Sharpe, p.101 "
3863,28-Dec-1961,1961,Unprovoked,AUSTRALIA,Queensland,"Lamberts Beach, Mackay",standing,M,24,"Hand bitten, surgically amputated",N,16h15,3 m [10'] shark,"V.M. Coppleson (1962), p.246; A. MacCormick, pp.19-21; A. Sharpe, p.101"
3865,27-Dec-1961,1961,Provoked,AUSTRALIA,Western Australia,"North of main swimming area in Waterman's Bay Beach, Perth",fishing,M,23,"No injury, Parker shot the shark when it came close to his nephew, Bill Bradbury (14), then the shark bent his speargun PROVOKED INCIDENT",N,07h00,"Grey nurse shark, 2.4 m [8'] ","The West Australia, 12/28/1961 "
3868,18-Dec-1961,1961,Unprovoked,AUSTRALIA,Queensland,Noosa Heads,surfing,M,22,"FATAL, right wrist and hand bitten, left leg severed above knee ",Y,06h15,Next morning a 3 m [10'] shark was caught that had Andrews' leg in its gut,"Natal Daily News, 12/19/1961; Sydney Morning Herald, 12/20/1961; V.M. Coppleson (1962), p.246; H.D. Baldridge, p.172; A. Sharpe, pp.100-101"
3869,13-Dec-1961,1961,Unprovoked,AUSTRALIA,Torres Strait,"Horn Island, near Thursday Island",swimming,M,17,Right thigh and leg lacerated,N,14h00,1.8 m [6'] shark,"Brisbane Courier Mail, 12/14/1961; V.M. Coppleson (1962), p.246"
3907,14-Apr-1961,1961,Unprovoked,AUSTRALIA,New South Wales,10 miles off Nambucca Heads  onboard trawler,unknown,M,40,Tiny cuts & bruises on neck  ,N,Night," ""gummy"" shark (Rhizoprionodon or Loxodon) 1.2 m [4']","G. P. Whiltley citing Sydney Morning Herald, 4/15/1961 & 4/17/1961"
3913,18-Mar-1961,1961,Unprovoked,AUSTRALIA,Victoria,Lady Beach at Warrnambool,swimming,M,24,"Abdomen & arm bitten. Shark, holding him by the arm, leapt 4' to 5' above the surface",N,Late afternoon,3 m [10'] shark,"Sun Herald (Sydney) 3/19/1961; Sydney Morning Herald, 3/20/1961; V.M. Coppleson (1962), p.246"
3915,12-Mar-1961,1961,Unprovoked,AUSTRALIA,South Australia,Aldinga Beach,fishing,M,21,Left leg bitten  & left forearm lacerated,N,14h30,"White shark, 3.7 m [12'] ","V.M. Coppleson (1962), pp.182 & 252; H. Edwards, pp.61-63; H.D. Baldridge, p.56; J. West, ASAF"
3928,15-Jan-1961,1961,Provoked,AUSTRALIA,New South Wales,Cook Island,fishing,M,27,Right calf  bitten by lassoed shark on deck of surf ski PROVOKED INCIDENT,N,Morning,"Wobbegong shark, 1.5 m [5'] ","Mackay Daily Mercury (Queensland), 1/16/196; H.D. Baldridge, p.134"
3944,20-Dec-1960,1960,Unprovoked,AUSTRALIA,Queensland,"Colleges Crossing, 54 miles above mouth of the Brisbane River",fishing,M,33,Left thigh lacerated, N,09h00,"Grey nurse shark, 1m ","Sydney Morning Herald, 12/21/1960; V.M. Coppleson (1962), p.246 "
3946,27-Nov-1960,1960,Unprovoked,AUSTRALIA,Queensland,"Blacks Beach, 9 miles north of Mackay",swimming,M,41,Right shoulder lacerated, N,14h45,3' shark,"Daily Mercury (Mackay), 11/28/1960 "
3999,12-Apr-1960,1960,Unprovoked,AUSTRALIA,New South Wales,"Horseshoe Bay, near Kempsey",surfing,M,17,Right arm & side bruised,N,Late afternoon,"White shark, 3.7 m [12'] ","Macleay Argus (NSW), 4/14/1960; V.M. Coppleson (1962), p.245"
4009,29-Feb-1960,1960,Unprovoked,AUSTRALIA,Tasmania,Ralph Bay,fishing,M,30 & 32,"No injury, Robertson knocked over & Hasler brushed by a shark",N,Night,Two 2.1 m [7'] sharks,Hobart Mercury 3/3/1960
4020,16-Jan-1960,1960,Unprovoked,AUSTRALIA,New South Wales,"Just below Roseville Bridge, opposite Killarney picnic reserve, Middle Harbor, Sydney",diving,M,13,"FATAL, right leg severed above knee, surgically amputated but died 9 days later ",Y,15h30,Bull shark,"T.W. Brown, pp.1 -6; H.D. Baldridge, p.196; A. Sharpe, pp76-77; H. Edwards, pp.100 & 108"
4043,29-Nov-1959,1959,Unprovoked,AUSTRALIA,Victoria,"Fairhaven Beach, Lorne",surfing,M,19,"Thighs bitten, right hand lacerated",N,14h45,3.5 m [11.5'] shark,"Evening Star (Washington, D.C.), 11/30/1959; Sydney Morning Herald, 12/2/1959; A. Sharpe, p.114;P. Gilbert, L. Schultz & S. Springer (1960)"
4044,28-Nov-1959,1959,Unprovoked,AUSTRALIA,Queensland,"North Burleigh, near Brisbane",standing,M,17,Right foot lacerated,N,07h30,"""a small shark""","Sunday Mail (Brisbane), 11/29/1959"
4045,22-Nov-1959,1959,Unprovoked,AUSTRALIA,Queensland,"Surfer's Paradise, Northcliffe",unknown,M,19,"Lower left leg bittten, hand abraded",N,11h00,3 m to 4.3 m [10' to 14'] shark,"Daily Mirror (Sydney) 11/23/1959; G.P. Whitley; P. Gilbert, L. Schultz & S. Springer (1960); J. Green, p.35"
4111,31-Jan-1959,1959,Unprovoked,AUSTRALIA,Western Australia,South Perth,fishing,M,20,Sharks tail grazed his shin,N,Night,"Grey nurse shark, 1.8 m [6']","West Australian (Perth), * Sunday Times, 2/1/1959s; P. Gilbert, L. Schultz & S. Springer (1960)"
4114,17-Jan-1959,1959,Unprovoked,AUSTRALIA,Tasmania,Safety Cove,unknown,M,22,FATAL,Y,16h30,Said to involve 2 sharks: 5.2 m & 6 m [17' & 20'] ,"Odessa American, 1/19/1959; G.P. Whitley, ref Daily Telegraph & West Australian, 1/19/1959; P. Gilbert, L. Schultz & S. Springer (1960); C. Black, pp. 148-151"
4115,17-Jan-1959,1959,Unprovoked,AUSTRALIA,Queensland,Alexandra Headland near Mooloolaba,surfing,M,17,Right foot & toe bitten,N,09h30,1.8 m [6'] shark,"Sun Herald (Sydney) 1/18/1959;  P. Gilbert, L. Schultz & S. Springer(1960); J. Green, p.35"
4132,23-Nov-1958,1958,Unprovoked,AUSTRALIA,Queensland,Surfer's Paradise,swimming,M,21,FATAL,Y,15h15,12' shark,"V.M. Coppleson (1962), p.245; A. Sharpe, p.100;  J. Green, p.35"
4169,19-Jan-1958,1958,Unprovoked,AUSTRALIA,New South Wales,Brunswick Heads,surfing,M,14,"Laceration to left ankle, heel and little toe",N,16h30,6' shark,"V.M. Coppleson (1962), p.245"
4197,11-May-1957,1957,Unprovoked,AUSTRALIA,New South Wales,"Tea Gardens, north of Newcastle",fishing,M,28,Thigh bitten & few lacerations on abdomen & buttock,N,12h00,4.6 m [15'] shark,"V.M. Coppleson (1958), p.175"
4203,13-Apr-1957,1957,Unprovoked,AUSTRALIA,Torres Strait,"Thursday Island Harbour, Queensland",swimming,M,22,"Left arm bitten, surgically amputated",N,14h00,Shark seen feeding on turtle scraps thrown overboard prior to incident.,"J.W. Robinson; V.M. Coppleson (1958), p.245; J. Green, p.34"
4258,04-Mar-1956,1956,Unprovoked,AUSTRALIA,Victoria,"Portsea Beach, near entrance to Port Phillip Bay",swimming,M,26,FATAL,Y,16h45,3.7 m [12'] shark & may have been another shark nearby,"V.M. Coppleson (1958), pp.110-111 & 241; J. Green, p.34; A. Sharpe, pp.112-113"
4260,26-Feb-1956,1956,Unprovoked,AUSTRALIA,Queensland,Pioneer River near Mackay,diving,M,15,"FATAL, large amount of tissue removed from leg, artery severed  ",Y,11h00,1.8 m [6'] shark,"B. Thompson; L. Schultz & M. Malin, p.521"
4304,05-Feb-1955,1955,Unprovoked,AUSTRALIA,New South Wales,"Sugarloaf Bay, Middle Harbor, Sydney",swimming,M,25,"FATAL, legs bitten ",Y,14h35,3.6 m  white shark  (or bronze whaler),"V.M. Coppleson (1958), pp.71, 175 & 236; A. Sharpe, pp.74-75"
4308,17-Jan-1955,1955,Unprovoked,AUSTRALIA,New South Wales,"Wyargine Point, Edwards Beach, Balmoral Beach, Sydney",unknown,M,13,"FATAL, anterior left leg & right calf bitten, no tissue lost  ",Y,14h30,"Bronze whaler shark,3.7 m [12'] ","V.M. Coppleson (1958), pp.71, 174-175 & 236; A. Sharpe, p.74"
4340,27-Jun-1954,1954,Unprovoked,AUSTRALIA,Queensland,Fitzroy Island,diving,M,30,"Shark bit right arm & shoulder, then Aken says, he ""knocked out"" the shark",N,16h30,2.4 m [8']  shark,"Morning Bulletin (Rockhampton), 6/30/1954 "
4387,15-Feb-1953,1953,Unprovoked,AUSTRALIA,New South Wales,Cave at Shell Harbour,fishing,M,25,"Shark tore off face mask, divers face, nose & chin lacerated",N,18h00,Wobbegong shark,"Spearfishing News, April 1953, p.5; J. Oetzel in Skin Diver Magazine, March 1965, p.17; V.M. Coppleson (1958), p.33"
4395,21-Dec-1952,1952,Unprovoked,AUSTRALIA,South Australia,Cape Douglas,fishing,M,25,Bitten on thigh and buttocks,N,"""After dark""",2.4 m [8'] shark,"V.M. Coppleson (1958), p.178; V.M. Coppleson (1962), p.245"
4426,6-Dec-1951,1951,Unprovoked,AUSTRALIA,New South Wales,"Merewether Beach, Newcastle",unknown,M,21,FATAL,Y,16h00,2.4 m [8']  shark,"V.M. Coppleson (1958), pp.79; A. Sharpe, p.85"
4446,26-Mar-1951,1951,Provoked,AUSTRALIA,New South Wales,Avalon,unknown,M,23,Minor laceration to chest when he grabbed the shark by its tail PROVOKED INCIDENT,N,Afternoon,"Wobbegong shark, 4'","Canberra Times, 1/27/1951"
4459,25-Nov-1950,1950,Unprovoked,AUSTRALIA,Queensland,"Burleigh Heads, Brisbane",surfing,M,21,Part of buttocks & fingers severed,N,17h15,"White shark, 3m, seen in area and hooked 3 days later","G.P.Whitley (1951), p. 194, cites Sunday Herald (Sydney), 11/26/1950; V.M. Coppleson (1958), pp. 93-94 & 239"
4462,04-Oct-1950,1950,Unprovoked,AUSTRALIA,Queensland,"Peterson's Beach, Sarina",fishing,M,25,Lacerations to right thumb and knee,N,Night,4' shark,"Courier-Mail, 10/6/1950"
4500,20-Nov-1949,1949,Unprovoked,AUSTRALIA,New South Wales,"Kurnell, Botany Bay ",diving,M,36,Left arm bitten ,N,Afternoon,6' shark,"Sydney Morning Herald, 11/20/1949"
4515,17-Apr-1949,1949,Unprovoked,AUSTRALIA,Queensland,"Ellis Beach, 20 miles from Cairns",swimming,M,13,"FATAL, left leg severed",Y,13h30,"3.3 m [10'9""] shark","G.P. Whitley (1951), p.194; V.M. Coppleson (1958), p.239; A. Sharpe, pp.38 & 97"
4518,23-Jan-1949,1949,Unprovoked,AUSTRALIA,New South Wales,"Bar Beach, Newcastle ",unknown,M,20,FATAL,Y,15h00,"White shark, 3.6 m [11'9""] ","G.P. Whitley (1951); V.M. Coppleson (1958), pp. 77 & 78; A. Sharpe, pp.84-85"
4559,21-Dec-1947,1947,Unprovoked,AUSTRALIA,New South Wales,"Watson Taylor's Lake, 25 miles south of Port Macquarie",fishing,M,9,Leg gashed,N,P.M.,Grey nurse shark,"Canberra Times, 12/22/1947"
4595,18-Aug-1946,1946,Unprovoked,AUSTRALIA,Queensland,"Ellis Beach, 20 miles from Cairns",swimming,M,30,"FATAL, body not recovered",Y,15h20,4.3 m [14'] shark,"G.P. Whitley (1951), p.193;V.M. Coppleson (1958), pp.87-88 & 239; A. Sharpe, p.97"
4604,10-Feb-1946,1946,Unprovoked,AUSTRALIA,Western Australia,"City Beach, Perth",standing,M,18,"Leg bitten, surgically amputated",N,12h15,"White shark, 4.2 m [13'9""] ","West Australian, 2/11/1946, p.6; G.P. Whitley (1951), p.193; V.M. Coppleson (1958), pp.111 & 245; A. Sharpe, pp.130-131; H. Edwards, p.133-134"
4690,26-Dec-1942,1942,Unprovoked,AUSTRALIA,New South Wales,"Bantry Bay, near Ironstone Point, Middle Harbor, Sydney",standing,F,15,"FATAL, legs bitten ",Y,10h50,Bull shark,"G.P. Whitley (1951), p. 193; V.M. Coppleson (1958), p.70; A. Sharpe, pp.72-73; A. MacCormick, pp.34-35"
4704,12-Sep-1942,1942,Unprovoked,AUSTRALIA,Queensland,"Trinity Beach, 17 km northwast of Cairns",unknown,M,24,"Right foot severed & calf removed, leg  surgically amputated below the knee",N,16h30,"Tiger shark, 2.4 m to 3 m [8' to 10'] ","A Wearne, J. Green, pp.44-50; G.P. Whitley (1951), p. 193, cites Sydney Morning Herald, 8/11/1943;  V.M. Coppleson (1958), pp.87 & 238"
4718,04-Jan-1942,1942,Unprovoked,AUSTRALIA,New South Wales,"Egg Rock, Middle Harbor, Sydney",swimming,F,28,"FATAL, bitten in two  ",Y,15h00,"Bull shark, 4 m [13'] ","V.M. Coppleson (1958), p.70; A. Sharpe, p.72; A. MacCormick, pp.34-35"
4772,23-Jan-1940,1940,Unprovoked,AUSTRALIA,New South Wales,"North Brighton, Botany Bay",swimming,M,13,"FATAL, left leg severed  ",Y,10h40,3 m [10'] shark,"V.M. Coppleson (1958), p.69; A. Sharpe, pp.65-66"
4783,14-Dec-1939,1939,Unprovoked,AUSTRALIA,Queensland,"Rubbish Dump Creek, Mackay",swimming,M,20,"FATAL, left foot & right leg bitten, later surgically amputated  ",Y,12h15,2.6 m [8.5'] shark landed 2 hours later,"Sydney Morning Herald, 12/15/1939; V.M. Coppleson (1958), p.238 "
4808,05-Oct-1938,1938,Provoked,AUSTRALIA,Queensland,Between Wynnum & St. Helena Island,fishing,M,18,Laceration to left foot & ankle by netted shark PROVOKED INCIDENT,N,Afternoon,"Tiger shark, 6'","Cairns Post, 10/6/1938"
4834,27-Oct-1937,1937,Unprovoked,AUSTRALIA,Queensland ,"Kirra Beach, Coolangatta",swimming,M,25,FATAL,Y,17h30,Tiger shark,"J. Green; V.M. Coppleson, pp.51, 81-84 & 234; A. Sharpe, pp.94-9 6; H. Edwards, pp.114-115"
4835,27-Oct-1937,1937,Unprovoked,AUSTRALIA,Queensland,"Kirra Beach, Coolangatta",swimming,M,18,FATAL,Y,17h30,"Tiger shark,  3.6 m [11'9""], 850-kg [1874-lb] female, contained Girvan's remains ","V.M. Coppleson, pp.51, 81-84 & 234;  A. Sharpe, pp.94-96; H. Edwards, pp.114-115  "
4842,31-Aug-1937,1937,Unprovoked,AUSTRALIA,Torres Strait,"Mabuiag Island, between New Guinea & Australia",diving,M,38,"Head, neck & shoulder bitten (In 1918, he was also bitten by a shark off Cairns)",N,11h00,"Tiger shark, 9' to 10' ","The Maitland Daily Mercury, 8/31/1937"
4851,15-May-1937,1937,Unprovoked,AUSTRALIA,Queensland,"Ross River, Townsville",swimming,M,33,"FATAL, left arm severed at elbow, right arm bitten, right leg severed at knee    ",Y,Night,2 days later a 600-lb shark was caught 100 yards from the site,"V.M. Coppleson (1958), pp.90 & 238"
4854,13-Feb-1937,1937,Unprovoked,AUSTRALIA,New South Wales,"Bar Beach, Newcastle",swimming,M,32,"FATAL, buttocks, ankle & right elbow bitten ",Y,15h20,White shark,"V.M. Coppleson (1958), pp.77 & 234; A. Sharpe, p.84; J.West, ASAF"
4880,22-Apr-1936,1936,Unprovoked,AUSTRALIA,Queensland,Arlington Reef near Cairns,diving,M,16,"Arm & back bitten, heel lacerated",N,10h00,"Tiger shark, 4.6 m [15'] ","Sydney Morning Herald, 4/23/1936"
4888,04-Feb-1936,1936,Unprovoked,AUSTRALIA,New South Wales,"South Steyne, Manly",swimming,M,14,"FATAL, taken by shark, body not recovered. Twenty months later, in October 1937, meshing (setting anti-shark gill nets) began  at metropolitan beaches",Y,15h00,White shark,"V.M. Coppleson (1958), pp.67 & 234; A. Sharpe, p.68; A. MacCormick, p.169; J. West, ASAF"
4889,22-Jan-1936,1936,Unprovoked,AUSTRALIA,South Australia,"West Beach, near Adelaide",swimming,M,13,FATAL ,Y,18h00,White shark,"Sydney Morning Herald, 1/23/1936; V.M. Coppleson (1958), pp.107 & 240;  A. Sharpe, p.120; J. West, ASAF"
4897,26-Aug-1935,1935,Unprovoked,AUSTRALIA,Queensland,"At Flat Top, near Mackay",unknown,M,38,"FATAL. His body was not recovered, but about 3 weeks later 2 sharks were caught with human remains, thought to be those of Quinn",Y,Night,3.7 m [12'] shark,"V.M. Coppleson (1958), p.22; G. P. Whitley"
4918,09-Mar-1935,1935,Unprovoked,AUSTRALIA,New South Wales,Maroubra Beach,swimming,M,27,"FATAL, left thigh, buttock, left forearm bitten, finger removed  ",Y,12h30,"White shark, 4 m [13'] ","V.M. Coppleson (1958), pp.65, 233 & 234; A. Sharpe, pp. 64-65,   G.P. Whitley, p.14; J. West, ASAF"
4919,02-Mar-1935,1935,Unprovoked,AUSTRALIA,New South Wales,North Narrabeen Beach,standing,M,22,"FATAL, thigh bitten ",Y,17h30,"White shark, 3.5 m to 4 m [11.5' to 13'] ","Amarillo Globe, 6/21/1935, p.3; V.M. Coppleson (1958), pp.66-67 & 233;  John West"
4925,31-Dec-1934,1934,Unprovoked,AUSTRALIA,New South Wales,Georges River at Kentucky,unknown,F,13,Hands severed,N,20h15,"Tiger shark, 1.5 m [5'] ","V.M. Coppleson (1958), pp.67 & 233; A. Sharpe, pp.90-91"
4944,01-Apr-1934,1934,Unprovoked,AUSTRALIA,New South Wales,North Steyne,swimming,M,15,"FATAL, right leg lacerated",Y,12h30,4.3 m [14'] shark seen in vicinity,"V.M. Coppleson (1958), p. 233  "
4945,12-Mar-1934,1934,Unprovoked,AUSTRALIA,New South Wales,"Dee Why, north of Queenscliff ",swimming,M,17,"FATAL, leg & buttocks removed ",Y,15h00,4 m [13'] shark seen in vicinity,"V.M. Coppleson (1958), pp.66 & 232; A. Sharpe, p.67"
4951,07-Jan-1934,1934,Unprovoked,AUSTRALIA,New South Wales,Queenscliff,swimming,M,22,Severely lacerated  right leg.  Later surgically amputated & survived despite gas gangrene,N,15h30,4.3 m [14'] shark seen in area previous week,"V.M. Coppleson (1958), pp.65-66 & 232; A. Sharpe, pp.66-67 "
4977,31-Oct-1932,1932,Unprovoked,AUSTRALIA,New South Wales,"Redhead Beach, Newcastle",swimming,M,24,"Torso bitten with pneumothorax, slight lacerations on left hand",N,11h00,Thought to involve a mako or grey nurse shark,"V.M. Coppleson.N19. (1933); V.M. Coppleson (1958), pp.80 & 232"
5027,07-Jan-1931,1931,Unprovoked,AUSTRALIA,Queensland,"Yeppoon, near Ross Creek",swimming,M,18,Severe bump & few superficial wounds ,N,16h00,1.5 m [5'] shark,"Canberra Times, 1/9/1931; V.M. Coppleson.Q8. (1933); V.M. Coppleson (1958), pp.91 & 237"
5049,15-Feb-1930,1930,Unprovoked,AUSTRALIA,Victoria,"Middle Brighton, Port Phillip",diving,M,18,FATAL,Y,16h30,White shark 4.9 m [16'] ,"V.M. Coppleson.V2.(1933); V.M. Coppleson (1958), pp.110 & 241; A. MacCormick, p.175; J. West, ASAF"
5074,11-Apr-1929,1929,Provoked,AUSTRALIA,Queensland,"Bribie Passage, Caloundra",standing,M,19,Right calf severely bitten by shark caught in the net PROVOKED INCIDENT,N,13h45,"Grey nurse shark, 4' ","Brisbane Courier, 4/12/1929; Coppleson (1933)"
5083,08-Feb-1929,1929,Unprovoked,AUSTRALIA,New South Wales,Bondi,swimming,M,39,"FATAL, right thigh bitten, femoral artery severed",Y,16h00,Galapagos shark,"V. M. Coppleson.N11. (1933); J. Green, p.32; A. Sharpe, p.62"
5086,12-Jan-1929,1929,Unprovoked,AUSTRALIA,New South Wales,Bondi,surfing,M,14,"FATAL, right thigh & hip bitten",Y,18h10,12' shark,"V.M. Coppleson.N9. (1933); V.M. Coppleson (1958), pp.64 & 231 ; A. Sharpe, p.59-62"
5108,06-Apr-1928,1928,Unprovoked,AUSTRALIA,Queensland,Graceville,swimming,M,15,Lacerations to right leg ,N,Morning,4' shark,"Brisbane Courier, 5/8/1928"
5130,11-Mar-1927,1927,Unprovoked,AUSTRALIA,New South Wales,Mereweather Beach,surfing,M,17,"Right buttock & thigh bitten, thumb removed",N,15h00,Grey nurse shark?,"V.M. Coppleson.N17. (1933); V.M. Coppleson (1958), p.76 & 231; G.A. Llano, p.165"
5136,03-Jan-1927,1927,Unprovoked,AUSTRALIA,New South Wales,"Greys Point, Port Hacking",swimming,M,15,"FATAL, leg bitten from thigh to ankle",Y,11h30,3.7 m [12'] shark,"V.M. Coppleson.N.21.(1933); V.M. Coppleson (1958), p.230; NYTimes, 1/5/1927"
5142,23-Oct-1926,1926,Unprovoked,AUSTRALIA,New South Wales,Clarence River,swimming,M,17,"3"" laceration to leg",N,Afternoon,"Grey nurse shark, 4'","Barrier Miner, 10/25/1926"
5160,22-Nov-1925,1925,Unprovoked,AUSTRALIA,Western Australia,Cottesloe Beach,swimming,M,55,"FATAL, thigh  & torso bitten, then shark charged rescue boat ",Y,15h15,"Tiger shark, 4 m [13'] female","V.M. Coppleson.W2, (1933); V.M. Coppleson (1958), pp.111 & 241; West Australia, 1/5/1967;  A. Sharpe, pp.129-130; H. Edwards, pp.131-133"
5168,07-Mar-1925 or 27-Mar-1925,1925,Unprovoked,AUSTRALIA,New South Wales,Coogee,swimming,M,16,"Left thigh bitten, leg surgically amputated ",N,17h00,Said to be a small shark,"V.M. Coppleson.N7.(1933); V.M. Coppleson (1958), pp.63 & 230; A. Sharpe, pp.58-59;  G.A. Llano, pp.160-164"
5192,09-Jan-1924,1924,Unprovoked,AUSTRALIA,New South Wales,"Near Asbestos Works, Camellia, Parramatta River",swimming,M,16,"FATAL, right thigh severely bitten, left arm lacerated ",Y,16h00,3 m [10'] shark,"V.M. Coppleson.N.2. (1933); V.M. Coppleson (1958), pp.69 & 230"
5216,05-Dec-1922,1922,Unprovoked,AUSTRALIA,Queensland,Pialba Beach near Maryborough,swimming,M,19,"FATAL, severe injuries to torso  ",Y,09h15,"2.7 m [9'] ""blue"" shark","Coppleson.Q4.(1933); V.M. Coppleson (1958), pp.92 & 237  "
5229,02-Mar-1922,1922,Unprovoked,AUSTRALIA,New South Wales,Coogee,swimming,M,21,"FATAL, right hand severed, lacerations on left thigh & left hand, died in hospital of gas gangrene",Y,11h00,"White shark, 2.4 m [8'] ","V.M. Coppleson.N5. (1933); V.M. Coppleson (1958), pp.63 & 230;  A. Sharpe, pp.56-57; G.A. Llano, pp.160-161"
5231,04-Feb-1922,1922,Unprovoked,AUSTRALIA,New South Wales,Coogee ,swimming,M,18,"FATAL, both arms & shoulder bitten",Y,15h30,White shark,"V.M. Coppleson.N.4. (1933); V.M. Coppleson (1958), pp.62 & 230; A. Sharpe, pp.53-55"
5273,09-Jan-1919,1919,Unprovoked,AUSTRALIA,New South Wales,"Sirius Cove, Sydney Harbor",unknown,M,13,"FATAL, right thigh bitten ",Y,07h30,12' shark,"T. Peake, GSAF; V.M. Coppleson.N1.(1933); V.M. Coppleson (1958), pp.70 & 229;  A. Sharpe, p.71"
5375,26-Jan-1912,1912,Unprovoked,AUSTRALIA,New South Wales,"Fig Tree Bridge, Lane Cove River, near Sydney ",swimming,M,21,FATAL,Y,15h00,"2.8 m [9'3""] whaler shark captured 3 days later with his remains in its gut","Argus (Melbourne) 1/27, 28, 29, 30/1912; G.P. Whitley, p.260; V.M. Coppleson (1962), p.245;  A. Sharpe, p.88"
5498,26-Mar-1905,1905,Unprovoked,AUSTRALIA,New South Wales,Lismore,swimming,M,40,Righ thigh severely bitten,N,Morning,5' shark,"Adelaide Advertiser, 3/31/1905"
5648,28-Nov-1894,1894,Unprovoked,AUSTRALIA,New South Wales,Newcastle ,swimming,M,19,"""Lost his arm""",N,Morning,10' to 12' shark,"Brisbane Courier, 1/7/1895, p.5"
5684,02-Mar-1892,1892,Provoked,AUSTRALIA,New South Wales,Lake Macquarie,fishing,M,21,Lacerations to calf by netted shark PROVOKED INCIDENT,N,Night,12' shark,"The Argus, 3/4/1892"
5814,25-Nov-1880,1880,Unprovoked,AUSTRALIA,Queensland,"Petrie Bight, Brisbane River",swimming,M,12,"Feet bitten, surgically amputated FATAL",Y,Afternoon,Bull shark,"Bucks County Gazette, 2/10/1881, Sunday Mail (QLD), 3/27/1994, p.107"
